001-0.mp3,2025-02-27 01:03,503.83 KB
001-2.mp3,2025-02-27 01:03,647.61 KB
003-0.mp3,2025-02-27 01:03,2.14 MB
005-0.mp3,2025-02-27 01:03,717.79 KB
005-2.mp3,2025-02-27 01:03,322.57 KB
007-1.mp3,2025-02-27 01:03,292.56 KB
007-3.mp3,2025-02-27 01:03,330.22 KB
010-0.mp3,2025-02-27 01:03,679.28 KB
010-1.mp3,2025-02-27 01:03,458.38 KB
010-2.mp3,2025-02-27 01:03,826.41 KB
010-3.mp3,2025-02-27 01:03,421.29 KB
010-4.mp3,2025-02-27 01:03,564.10 KB
014-2.mp3,2025-02-27 01:03,834.28 KB
016-0.mp3,2025-02-27 01:03,278.51 KB
016-1.mp3,2025-02-27 01:03,203.50 KB
016-3.mp3,2025-02-27 01:03,256.23 KB
016-4.mp3,2025-02-27 01:03,622.35 KB
018-0.mp3,2025-02-27 01:03,1.08 MB
023-0.mp3,2025-02-27 01:03,1.00 MB
023-2.mp3,2025-02-27 01:03,902.49 KB
024-1.mp3,2025-02-27 01:03,376.70 KB
024-2.mp3,2025-02-27 01:03,560.89 KB
029-0.mp3,2025-02-27 01:03,414.42 KB
029-1.mp3,2025-02-27 01:03,771.30 KB
030-0.mp3,2025-02-27 01:03,783.63 KB
030-1.mp3,2025-02-27 01:03,687.25 KB
033-0.mp3,2025-02-27 01:03,495.56 KB
033-1.mp3,2025-02-27 01:03,788.17 KB
033-2.mp3,2025-02-27 01:03,479.59 KB
033-3.mp3,2025-02-27 01:03,355.34 KB
033-4.mp3,2025-02-27 01:03,927.94 KB
035-0.mp3,2025-02-27 01:03,527.53 KB
035-1.mp3,2025-02-27 01:03,395.13 KB
039-0.mp3,2025-02-27 01:03,379.61 KB
043-0.mp3,2025-02-27 01:03,410.41 KB
046-0.mp3,2025-02-27 01:03,437.61 KB
046-2.mp3,2025-02-27 01:03,695.01 KB
049-0.mp3,2025-02-27 01:03,648.11 KB
049-1.mp3,2025-02-27 01:03,278.03 KB
050-0.mp3,2025-02-27 01:03,367.69 KB
051-0.mp3,2025-02-27 01:03,344.90 KB
051-1.mp3,2025-02-27 01:03,304.43 KB
051-2.mp3,2025-02-27 01:03,679.66 KB
051-3.mp3,2025-02-27 01:03,920.09 KB
053-1.mp3,2025-02-27 01:03,960.34 KB
057-0.mp3,2025-02-27 01:03,376.19 KB
057-1.mp3,2025-02-27 01:03,501.34 KB
057-2.mp3,2025-02-27 01:03,626.95 KB
058-0.mp3,2025-02-27 01:03,247.73 KB
058-1.mp3,2025-02-27 01:03,501.59 KB
058-3.mp3,2025-02-27 01:03,327.17 KB
058-4.mp3,2025-02-27 01:03,437.43 KB
061-0.mp3,2025-02-27 01:03,338.72 KB
061-1.mp3,2025-02-27 01:03,258.03 KB
062-0.mp3,2025-02-27 01:03,315.45 KB
062-3.mp3,2025-02-27 01:03,422.31 KB
065-0.mp3,2025-02-27 01:03,532.41 KB
065-1.mp3,2025-02-27 01:03,700.62 KB
065-2.mp3,2025-02-27 01:03,1.05 MB
066-0.mp3,2025-02-27 01:03,369.76 KB
067-1.mp3,2025-02-27 01:03,402.35 KB
067-2.mp3,2025-02-27 01:03,561.51 KB
070-2.mp3,2025-02-27 01:03,479.85 KB
076-0.mp3,2025-02-27 01:03,459.58 KB
076-2.mp3,2025-02-27 01:03,741.85 KB
076-4.mp3,2025-02-27 01:03,464.10 KB
078-0.mp3,2025-02-27 01:03,540.94 KB
078-1.mp3,2025-02-27 01:03,626.02 KB
087-1.mp3,2025-02-27 01:03,442.28 KB
089-0.mp3,2025-02-27 01:03,748.42 KB
091-0.mp3,2025-02-27 01:03,464.88 KB
091-1.mp3,2025-02-27 01:03,316.78 KB
091-2.mp3,2025-02-27 01:03,381.83 KB
094-1.mp3,2025-02-27 01:03,387.78 KB
094-2.mp3,2025-02-27 01:03,556.29 KB
094-3.mp3,2025-02-27 01:03,621.55 KB
097-1.mp3,2025-02-27 01:03,270.43 KB
120-0.mp3,2025-02-27 01:03,317.85 KB
120-1.mp3,2025-02-27 01:03,522.64 KB
120-2.mp3,2025-02-27 01:03,326.16 KB
120-3.mp3,2025-02-27 01:03,548.52 KB
120-4.mp3,2025-02-27 01:03,484.57 KB
122-0.mp3,2025-02-27 01:03,514.05 KB
122-1.mp3,2025-02-27 01:03,1.18 MB
125-0.mp3,2025-02-27 01:03,1.02 MB
127-0.mp3,2025-02-27 01:03,270.38 KB
134-0.mp3,2025-02-27 01:03,287.54 KB
134-1.mp3,2025-02-27 01:03,258.66 KB
134-2.mp3,2025-02-27 01:03,238.11 KB
134-3.mp3,2025-02-27 01:03,590.21 KB
144-0.mp3,2025-02-27 01:03,359.68 KB
144-1.mp3,2025-02-27 01:03,566.00 KB
148-0.mp3,2025-02-27 01:03,342.69 KB
154-0.mp3,2025-02-27 01:03,502.85 KB
154-1.mp3,2025-02-27 01:03,809.38 KB
157-0.mp3,2025-02-27 01:03,391.15 KB
157-1.mp3,2025-02-27 01:03,1.49 MB
157-2.mp3,2025-02-27 01:03,281.39 KB
164-1.mp3,2025-02-27 01:03,404.28 KB
164-2.mp3,2025-02-27 01:03,219.94 KB
164-3.mp3,2025-02-27 01:03,336.46 KB
168-0.mp3,2025-02-27 01:03,185.25 KB
168-1.mp3,2025-02-27 01:03,466.01 KB
172-1.mp3,2025-02-27 01:03,365.44 KB
172-2.mp3,2025-02-27 01:03,218.37 KB
172-3.mp3,2025-02-27 01:03,274.54 KB
173-1.mp3,2025-02-27 01:03,650.06 KB
178-0.mp3,2025-02-27 01:03,558.11 KB
178-1.mp3,2025-02-27 01:03,1.14 MB
181-0.mp3,2025-02-27 01:03,314.38 KB
181-1.mp3,2025-02-27 01:03,583.33 KB
181-2.mp3,2025-02-27 01:03,221.82 KB
181-3.mp3,2025-02-27 01:03,597.85 KB
183-0.mp3,2025-02-27 01:03,202.04 KB
183-1.mp3,2025-02-27 01:03,443.49 KB
183-2.mp3,2025-02-27 01:03,529.55 KB
183-3.mp3,2025-02-27 01:03,460.45 KB
184-0.mp3,2025-02-27 01:03,299.14 KB
184-1.mp3,2025-02-27 01:03,830.36 KB
184-2.mp3,2025-02-27 01:03,506.84 KB
190-1.mp3,2025-02-27 01:03,225.53 KB
190-2.mp3,2025-02-27 01:03,614.82 KB
203-0.mp3,2025-02-27 01:03,650.91 KB
203-1.mp3,2025-02-27 01:03,812.08 KB
205-1.mp3,2025-02-27 01:03,676.00 KB
206-0.mp3,2025-02-27 01:03,542.84 KB
207-0.mp3,2025-02-27 01:03,1.63 MB
212-0.mp3,2025-02-27 01:03,666.06 KB
212-1.mp3,2025-02-27 01:03,316.95 KB
212-2.mp3,2025-02-27 01:03,874.05 KB
212-3.mp3,2025-02-27 01:03,628.83 KB
213-1.mp3,2025-02-27 01:03,664.16 KB
213-2.mp3,2025-02-27 01:03,591.44 KB
213-3.mp3,2025-02-27 01:03,857.12 KB
216-0.mp3,2025-02-27 01:03,272.15 KB
216-1.mp3,2025-02-27 01:03,406.03 KB
218-0.mp3,2025-02-27 01:03,820.79 KB
218-1.mp3,2025-02-27 01:03,892.36 KB
220-0.mp3,2025-02-27 01:03,516.85 KB
220-1.mp3,2025-02-27 01:03,287.20 KB
221-0.mp3,2025-02-27 01:03,718.91 KB
221-1.mp3,2025-02-27 01:03,593.18 KB
221-2.mp3,2025-02-27 01:03,781.14 KB
221-3.mp3,2025-02-27 01:03,498.36 KB
222-0.mp3,2025-02-27 01:03,527.90 KB
222-1.mp3,2025-02-27 01:03,952.33 KB
223-0.mp3,2025-02-27 01:03,867.68 KB
223-1.mp3,2025-02-27 01:03,726.48 KB
226-0.mp3,2025-02-27 01:03,568.71 KB
234-0.mp3,2025-02-27 01:03,258.00 KB
235-0.mp3,2025-02-27 01:03,1.03 MB
235-2.mp3,2025-02-27 01:03,562.82 KB
236-0.mp3,2025-02-27 01:03,779.65 KB
237-1.mp3,2025-02-27 01:03,437.52 KB
237-2.mp3,2025-02-27 01:03,632.92 KB
238-0.mp3,2025-02-27 01:03,729.56 KB
244-0.mp3,2025-02-27 01:03,1.16 MB
247-0.mp3,2025-02-27 01:03,719.50 KB
252-0.mp3,2025-02-27 01:03,309.83 KB
252-1.mp3,2025-02-27 01:03,601.63 KB
252-2.mp3,2025-02-27 01:03,468.63 KB
257-0.mp3,2025-02-27 01:03,619.10 KB
257-2.mp3,2025-02-27 01:03,1.01 MB
260-1.mp3,2025-02-27 01:03,418.86 KB
260-2.mp3,2025-02-27 01:03,704.12 KB
264-0.mp3,2025-02-27 01:03,708.39 KB
268-0.mp3,2025-02-27 01:03,1.38 MB
269-0.mp3,2025-02-27 01:03,1.18 MB
269-1.mp3,2025-02-27 01:03,565.06 KB
270-0.mp3,2025-02-27 01:03,605.31 KB
270-1.mp3,2025-02-27 01:03,303.78 KB
270-2.mp3,2025-02-27 01:03,756.60 KB
271-2.mp3,2025-02-27 01:03,367.05 KB
276-0.mp3,2025-02-27 01:03,781.94 KB
279-0.mp3,2025-02-27 01:03,780.25 KB
279-1.mp3,2025-02-27 01:03,127.61 KB
282-0.mp3,2025-02-27 01:03,592.75 KB
282-1.mp3,2025-02-27 01:03,340.35 KB
282-2.mp3,2025-02-27 01:03,626.74 KB
283-0.mp3,2025-02-27 01:03,425.84 KB
283-1.mp3,2025-02-27 01:03,294.20 KB
289-2.mp3,2025-02-27 01:03,418.64 KB
291-1.mp3,2025-02-27 01:03,364.26 KB
291-2.mp3,2025-02-27 01:03,463.53 KB
293-1.mp3,2025-02-27 01:03,282.66 KB
306-0.mp3,2025-02-27 01:03,500.26 KB
310-0.mp3,2025-02-27 01:03,399.62 KB
311-0.mp3,2025-02-27 01:03,227.05 KB
319-0.mp3,2025-02-27 01:03,574.89 KB
325-0.mp3,2025-02-27 01:03,399.63 KB
325-1.mp3,2025-02-27 01:03,223.14 KB
329-0.mp3,2025-02-27 01:03,865.78 KB
334-0.mp3,2025-02-27 01:03,811.64 KB
334-1.mp3,2025-02-27 01:03,602.88 KB
337-0.mp3,2025-02-27 01:03,420.64 KB
338-0.mp3,2025-02-27 01:03,166.14 KB
339-0.mp3,2025-02-27 01:03,381.56 KB
341-0.mp3,2025-02-27 01:03,672.45 KB
342-0.mp3,2025-02-27 01:03,623.10 KB
342-1.mp3,2025-02-27 01:03,549.31 KB
343-0.mp3,2025-02-27 01:03,382.36 KB
344-0.mp3,2025-02-27 01:03,523.20 KB
344-2.mp3,2025-02-27 01:03,778.45 KB
346-0.mp3,2025-02-27 01:03,344.72 KB
349-0.mp3,2025-02-27 01:03,614.54 KB
349-1.mp3,2025-02-27 01:03,464.90 KB
350-0.mp3,2025-02-27 01:03,895.38 KB
350-1.mp3,2025-02-27 01:03,815.30 KB
354-0.mp3,2025-02-27 01:03,562.82 KB
355-0.mp3,2025-02-27 01:03,330.62 KB
355-1.mp3,2025-02-27 01:03,512.08 KB
356-0.mp3,2025-02-27 01:03,639.45 KB
356-1.mp3,2025-02-27 01:03,281.99 KB
357-0.mp3,2025-02-27 01:03,630.35 KB
358-0.mp3,2025-02-27 01:03,212.88 KB
358-1.mp3,2025-02-27 01:03,740.44 KB
360-0.mp3,2025-02-27 01:03,306.70 KB
361-0.mp3,2025-02-27 01:03,459.72 KB
362-0.mp3,2025-02-27 01:03,264.60 KB
362-1.mp3,2025-02-27 01:03,286.66 KB
368-0.mp3,2025-02-27 01:03,451.60 KB
369-0.mp3,2025-02-27 01:03,859.33 KB
381-0.mp3,2025-02-27 01:03,176.93 KB
381-1.mp3,2025-02-27 01:03,493.01 KB
450-0.mp3,2025-02-27 01:03,604.67 KB
450-1.mp3,2025-02-27 01:03,563.74 KB
458-0.mp3,2025-02-27 01:03,276.36 KB
461-0.mp3,2025-02-27 01:03,721.04 KB
465-0.mp3,2025-02-27 01:03,443.11 KB
466-0.mp3,2025-02-27 01:03,446.98 KB
466-1.mp3,2025-02-27 01:03,722.64 KB
468-0.mp3,2025-02-27 01:03,496.02 KB
470-1.mp3,2025-02-27 01:03,604.04 KB
471-0.mp3,2025-02-27 01:03,258.31 KB
472-0.mp3,2025-02-27 01:03,468.80 KB
474-0.mp3,2025-02-27 01:03,700.11 KB
476-0.mp3,2025-02-27 01:03,552.49 KB
488-0.mp3,2025-02-27 01:03,329.34 KB
488-1.mp3,2025-02-27 01:03,300.03 KB
492-0.mp3,2025-02-27 01:03,686.05 KB
493-0.mp3,2025-02-27 01:03,620.82 KB
493-1.mp3,2025-02-27 01:03,555.00 KB
497-0.mp3,2025-02-27 01:03,527.02 KB
497-1.mp3,2025-02-27 01:03,538.95 KB
504-0.mp3,2025-02-27 01:03,388.48 KB
506-0.mp3,2025-02-27 01:03,430.95 KB
508-0.mp3,2025-02-27 01:03,621.61 KB
508-1.mp3,2025-02-27 01:03,486.64 KB
511-0.mp3,2025-02-27 01:03,496.59 KB
515-1.mp3,2025-02-27 01:03,414.50 KB
526-1.mp3,2025-02-27 01:03,591.64 KB
527-0.mp3,2025-02-27 01:03,514.59 KB
527-1.mp3,2025-02-27 01:03,507.11 KB
528-0.mp3,2025-02-27 01:03,430.89 KB
529-0.mp3,2025-02-27 01:03,326.73 KB
530-0.mp3,2025-02-27 01:03,579.35 KB
539-0.mp3,2025-02-27 01:03,1.09 MB
544-0.mp3,2025-02-27 01:03,262.37 KB
544-1.mp3,2025-02-27 01:03,187.36 KB
551-0.mp3,2025-02-27 01:03,731.34 KB
559-0.mp3,2025-02-27 01:03,453.42 KB
562-0.mp3,2025-02-27 01:03,580.75 KB
563-0.mp3,2025-02-27 01:03,598.36 KB
573-0.mp3,2025-02-27 01:03,513.45 KB
578-0.mp3,2025-02-27 01:03,791.67 KB
579-0.mp3,2025-02-27 01:03,308.73 KB
580-0.mp3,2025-02-27 01:03,454.26 KB
581-0.mp3,2025-02-27 01:03,606.15 KB
585-0.mp3,2025-02-27 01:03,655.37 KB
587-0.mp3,2025-02-27 01:03,435.28 KB
591-0.mp3,2025-02-27 01:03,887.56 KB
592-0.mp3,2025-02-27 01:03,557.63 KB
594-0.mp3,2025-02-27 01:03,490.77 KB
595-0.mp3,2025-02-27 01:03,542.91 KB
598-0.mp3,2025-02-27 01:03,344.11 KB
601-0.mp3,2025-02-27 01:03,263.80 KB
607-0.mp3,2025-02-27 01:03,531.59 KB
609-0.mp3,2025-02-27 01:03,954.55 KB
610-0.mp3,2025-02-27 01:03,429.66 KB
615-0.mp3,2025-02-27 01:03,238.14 KB
620-0.mp3,2025-02-27 01:03,664.66 KB
624-0.mp3,2025-02-27 01:03,538.51 KB
635-0.mp3,2025-02-27 01:03,642.60 KB
636-0.mp3,2025-02-27 01:03,523.50 KB
639-0.mp3,2025-02-27 01:03,546.96 KB
640-0.mp3,2025-02-27 01:03,269.29 KB
642-0.mp3,2025-02-27 01:03,387.92 KB
648-0.mp3,2025-02-27 01:03,483.96 KB
650-0.mp3,2025-02-27 01:03,987.07 KB
651-0.mp3,2025-02-27 01:03,867.00 KB
656-0.mp3,2025-02-27 01:03,274.49 KB
657-0.mp3,2025-02-27 01:03,278.84 KB
660-0.mp3,2025-02-27 01:03,237.53 KB
663-0.mp3,2025-02-27 01:03,316.00 KB
672-0.mp3,2025-02-27 01:03,409.82 KB
674-0.mp3,2025-02-27 01:03,281.08 KB
676-0.mp3,2025-02-27 01:03,295.06 KB
681-0.mp3,2025-02-27 01:03,663.76 KB
689-0.mp3,2025-02-27 01:03,400.71 KB
690-0.mp3,2025-02-27 01:03,649.78 KB
695-0.mp3,2025-02-27 01:03,610.81 KB
698-0.mp3,2025-02-27 01:03,929.32 KB
702-0.mp3,2025-02-27 01:03,391.36 KB
703-0.mp3,2025-02-27 01:03,352.32 KB
704-0.mp3,2025-02-27 01:03,497.21 KB
705-0.mp3,2025-02-27 01:03,745.62 KB
707-0.mp3,2025-02-27 01:03,446.20 KB
711-0.mp3,2025-02-27 01:03,725.93 KB
714-0.mp3,2025-02-27 01:03,622.02 KB