002-0.mp3, 2025-02-27 01:04, 444.95 KB
002-1.mp3, 2025-02-27 01:04, 637.19 KB
002-2.mp3, 2025-02-27 01:04, 343.63 KB
002-3.mp3, 2025-02-27 01:04, 909.32 KB
006-2.mp3, 2025-02-27 01:04, 328.77 KB
006-3.mp3, 2025-02-27 01:04, 612.16 KB
006-4.mp3, 2025-02-27 01:04, 723.32 KB
013-0.mp3, 2025-02-27 01:04, 318.38 KB
013-2.mp3, 2025-02-27 01:04, 320.13 KB
013-3.mp3, 2025-02-27 01:04, 325.24 KB
013-4.mp3, 2025-02-27 01:04, 479.79 KB
015-0.mp3, 2025-02-27 01:04, 666.52 KB
015-1.mp3, 2025-02-27 01:04, 407.05 KB
015-2.mp3, 2025-02-27 01:04, 846.25 KB
015-3.mp3, 2025-02-27 01:04, 551.67 KB
015-4.mp3, 2025-02-27 01:04, 716.90 KB
017-4.mp3, 2025-02-27 01:04, 844.35 KB
021-0.mp3, 2025-02-27 01:04, 347.41 KB
021-1.mp3, 2025-02-27 01:04, 404.64 KB
021-2.mp3, 2025-02-27 01:04, 312.87 KB
021-3.mp3, 2025-02-27 01:04, 298.10 KB
021-4.mp3, 2025-02-27 01:04, 267.07 KB
022-0.mp3, 2025-02-27 01:04, 531.71 KB
022-1.mp3, 2025-02-27 01:04, 217.35 KB
022-2.mp3, 2025-02-27 01:04, 337.20 KB
028-1.mp3, 2025-02-27 01:04, 317.64 KB
028-4.mp3, 2025-02-27 01:04, 584.38 KB
034-0.mp3, 2025-02-27 01:04, 580.76 KB
034-1.mp3, 2025-02-27 01:04, 258.67 KB
034-2.mp3, 2025-02-27 01:04, 635.56 KB
034-3.mp3, 2025-02-27 01:04, 579.89 KB
034-4.mp3, 2025-02-27 01:04, 834.80 KB
042-1.mp3, 2025-02-27 01:04, 436.89 KB
042-2.mp3, 2025-02-27 01:04, 313.54 KB
042-3.mp3, 2025-02-27 01:04, 257.48 KB
042-4.mp3, 2025-02-27 01:04, 289.97 KB
045-0.mp3, 2025-02-27 01:04, 879.31 KB
045-2.mp3, 2025-02-27 01:04, 681.63 KB
045-3.mp3, 2025-02-27 01:04, 535.71 KB
052-0.mp3, 2025-02-27 01:04, 279.34 KB
052-2.mp3, 2025-02-27 01:04, 155.58 KB
054-0.mp3, 2025-02-27 01:04, 676.06 KB
055-0.mp3, 2025-02-27 01:04, 366.94 KB
056-0.mp3, 2025-02-27 01:04, 242.28 KB
056-3.mp3, 2025-02-27 01:04, 410.46 KB
056-4.mp3, 2025-02-27 01:04, 431.25 KB
059-2.mp3, 2025-02-27 01:04, 308.26 KB
059-3.mp3, 2025-02-27 01:04, 345.34 KB
059-4.mp3, 2025-02-27 01:04, 305.49 KB
068-0.mp3, 2025-02-27 01:04, 538.24 KB
068-2.mp3, 2025-02-27 01:04, 266.61 KB
068-3.mp3, 2025-02-27 01:04, 568.25 KB
071-0.mp3, 2025-02-27 01:04, 316.44 KB
071-1.mp3, 2025-02-27 01:04, 228.04 KB
071-2.mp3, 2025-02-27 01:04, 379.17 KB
071-3.mp3, 2025-02-27 01:04, 646.07 KB
071-4.mp3, 2025-02-27 01:04, 314.41 KB
073-0.mp3, 2025-02-27 01:04, 444.87 KB
073-1.mp3, 2025-02-27 01:04, 440.77 KB
073-3.mp3, 2025-02-27 01:04, 792.67 KB
086-0.mp3, 2025-02-27 01:04, 745.08 KB
086-1.mp3, 2025-02-27 01:04, 484.34 KB
086-2.mp3, 2025-02-27 01:04, 336.72 KB
086-3.mp3, 2025-02-27 01:04, 396.83 KB
086-4.mp3, 2025-02-27 01:04, 781.16 KB
092-0.mp3, 2025-02-27 01:04, 333.98 KB
092-1.mp3, 2025-02-27 01:04, 407.73 KB
092-2.mp3, 2025-02-27 01:04, 342.63 KB
092-3.mp3, 2025-02-27 01:04, 274.46 KB
093-0.mp3, 2025-02-27 01:04, 277.19 KB
093-1.mp3, 2025-02-27 01:04, 217.81 KB
096-1.mp3, 2025-02-27 01:04, 563.01 KB
096-2.mp3, 2025-02-27 01:04, 368.13 KB
105-0.mp3, 2025-02-27 01:04, 310.03 KB
105-1.mp3, 2025-02-27 01:04, 401.12 KB
105-2.mp3, 2025-02-27 01:04, 548.62 KB
107-1.mp3, 2025-02-27 01:04, 393.97 KB
107-2.mp3, 2025-02-27 01:04, 157.41 KB
109-1.mp3, 2025-02-27 01:04, 703.61 KB
109-3.mp3, 2025-02-27 01:04, 501.15 KB
109-4.mp3, 2025-02-27 01:04, 550.53 KB
113-0.mp3, 2025-02-27 01:04, 206.69 KB
113-1.mp3, 2025-02-27 01:04, 403.91 KB
113-2.mp3, 2025-02-27 01:04, 441.13 KB
113-3.mp3, 2025-02-27 01:04, 338.93 KB
114-0.mp3, 2025-02-27 01:04, 276.33 KB
114-1.mp3, 2025-02-27 01:04, 335.97 KB
114-2.mp3, 2025-02-27 01:04, 259.61 KB
114-3.mp3, 2025-02-27 01:04, 348.40 KB
114-4.mp3, 2025-02-27 01:04, 346.52 KB
118-0.mp3, 2025-02-27 01:04, 211.27 KB
118-1.mp3, 2025-02-27 01:04, 495.34 KB
118-2.mp3, 2025-02-27 01:04, 324.48 KB
118-3.mp3, 2025-02-27 01:04, 465.35 KB
118-4.mp3, 2025-02-27 01:04, 642.54 KB
121-0.mp3, 2025-02-27 01:04, 1.36 MB
121-1.mp3, 2025-02-27 01:04, 438.21 KB
121-2.mp3, 2025-02-27 01:04, 612.53 KB
121-3.mp3, 2025-02-27 01:04, 833.63 KB
121-4.mp3, 2025-02-27 01:04, 928.57 KB
124-0.mp3, 2025-02-27 01:04, 322.09 KB
124-1.mp3, 2025-02-27 01:04, 1.21 MB
128-1.mp3, 2025-02-27 01:04, 583.43 KB
128-2.mp3, 2025-02-27 01:04, 1.34 MB
128-3.mp3, 2025-02-27 01:04, 1.56 MB
129-1.mp3, 2025-02-27 01:04, 379.90 KB
130-1.mp3, 2025-02-27 01:04, 189.46 KB
130-2.mp3, 2025-02-27 01:04, 150.21 KB
130-3.mp3, 2025-02-27 01:04, 316.24 KB
132-0.mp3, 2025-02-27 01:04, 349.04 KB
132-1.mp3, 2025-02-27 01:04, 354.13 KB
137-0.mp3, 2025-02-27 01:04, 514.23 KB
137-1.mp3, 2025-02-27 01:04, 452.52 KB
137-2.mp3, 2025-02-27 01:04, 301.50 KB
137-3.mp3, 2025-02-27 01:04, 620.48 KB
138-1.mp3, 2025-02-27 01:04, 510.27 KB
138-3.mp3, 2025-02-27 01:04, 582.41 KB
139-0.mp3, 2025-02-27 01:04, 479.10 KB
139-1.mp3, 2025-02-27 01:04, 312.59 KB
139-3.mp3, 2025-02-27 01:04, 173.89 KB
140-0.mp3, 2025-02-27 01:04, 679.54 KB
140-3.mp3, 2025-02-27 01:04, 344.31 KB
141-0.mp3, 2025-02-27 01:04, 186.86 KB
141-1.mp3, 2025-02-27 01:04, 255.26 KB
141-2.mp3, 2025-02-27 01:04, 302.78 KB
141-3.mp3, 2025-02-27 01:04, 479.27 KB
142-0.mp3, 2025-02-27 01:04, 276.10 KB
142-1.mp3, 2025-02-27 01:04, 321.94 KB
142-3.mp3, 2025-02-27 01:04, 355.16 KB
143-3.mp3, 2025-02-27 01:04, 352.95 KB
145-1.mp3, 2025-02-27 01:04, 387.18 KB
145-3.mp3, 2025-02-27 01:04, 600.21 KB
146-1.mp3, 2025-02-27 01:04, 394.39 KB
150-0.mp3, 2025-02-27 01:04, 197.80 KB
150-1.mp3, 2025-02-27 01:04, 476.32 KB
150-2.mp3, 2025-02-27 01:04, 617.81 KB
155-0.mp3, 2025-02-27 01:04, 278.97 KB
155-2.mp3, 2025-02-27 01:04, 460.84 KB
155-3.mp3, 2025-02-27 01:04, 412.82 KB
158-0.mp3, 2025-02-27 01:04, 453.31 KB
158-1.mp3, 2025-02-27 01:04, 412.36 KB
158-2.mp3, 2025-02-27 01:04, 209.77 KB
158-3.mp3, 2025-02-27 01:04, 344.34 KB
166-0.mp3, 2025-02-27 01:04, 294.93 KB
166-1.mp3, 2025-02-27 01:04, 881.98 KB
166-2.mp3, 2025-02-27 01:04, 356.66 KB
167-1.mp3, 2025-02-27 01:04, 315.41 KB
167-2.mp3, 2025-02-27 01:04, 312.70 KB
167-3.mp3, 2025-02-27 01:04, 755.03 KB
171-0.mp3, 2025-02-27 01:04, 396.12 KB
171-1.mp3, 2025-02-27 01:04, 173.20 KB
172-0.mp3, 2025-02-27 01:04, 345.93 KB
175-0.mp3, 2025-02-27 01:04, 627.92 KB
175-1.mp3, 2025-02-27 01:04, 527.17 KB
175-2.mp3, 2025-02-27 01:04, 397.45 KB
175-3.mp3, 2025-02-27 01:04, 273.93 KB
182-3.mp3, 2025-02-27 01:04, 329.39 KB
192-0.mp3, 2025-02-27 01:04, 218.09 KB
192-2.mp3, 2025-02-27 01:04, 643.56 KB
196-0.mp3, 2025-02-27 01:04, 390.09 KB
196-1.mp3, 2025-02-27 01:04, 438.84 KB
208-0.mp3, 2025-02-27 01:04, 434.29 KB
208-1.mp3, 2025-02-27 01:04, 274.25 KB
208-2.mp3, 2025-02-27 01:04, 711.81 KB
209-1.mp3, 2025-02-27 01:04, 304.11 KB
209-2.mp3, 2025-02-27 01:04, 401.45 KB
209-3.mp3, 2025-02-27 01:04, 676.99 KB
210-1.mp3, 2025-02-27 01:04, 746.41 KB
210-2.mp3, 2025-02-27 01:04, 934.88 KB
211-1.mp3, 2025-02-27 01:04, 472.41 KB
211-2.mp3, 2025-02-27 01:04, 642.12 KB
225-0.mp3, 2025-02-27 01:04, 1.03 MB
225-2.mp3, 2025-02-27 01:04, 1.09 MB
227-0.mp3, 2025-02-27 01:04, 518.85 KB
227-1.mp3, 2025-02-27 01:04, 600.49 KB
229-1.mp3, 2025-02-27 01:04, 179.45 KB
229-2.mp3, 2025-02-27 01:04, 160.13 KB
232-0.mp3, 2025-02-27 01:04, 659.81 KB
232-1.mp3, 2025-02-27 01:04, 686.21 KB
242-0.mp3, 2025-02-27 01:04, 381.07 KB
242-1.mp3, 2025-02-27 01:04, 418.12 KB
242-2.mp3, 2025-02-27 01:04, 869.94 KB
243-0.mp3, 2025-02-27 01:04, 1.11 MB
243-1.mp3, 2025-02-27 01:04, 574.24 KB
245-0.mp3, 2025-02-27 01:04, 505.64 KB
245-1.mp3, 2025-02-27 01:04, 479.37 KB
245-2.mp3, 2025-02-27 01:04, 692.58 KB
248-0.mp3, 2025-02-27 01:04, 509.38 KB
248-1.mp3, 2025-02-27 01:04, 675.54 KB
248-2.mp3, 2025-02-27 01:04, 395.12 KB
255-0.mp3, 2025-02-27 01:04, 287.87 KB
255-1.mp3, 2025-02-27 01:04, 187.18 KB
256-0.mp3, 2025-02-27 01:04, 437.86 KB
256-1.mp3, 2025-02-27 01:04, 317.90 KB
256-2.mp3, 2025-02-27 01:04, 718.18 KB
266-0.mp3, 2025-02-27 01:04, 246.42 KB
266-1.mp3, 2025-02-27 01:04, 247.67 KB
266-2.mp3, 2025-02-27 01:04, 744.60 KB
267-0.mp3, 2025-02-27 01:04, 421.47 KB
267-2.mp3, 2025-02-27 01:04, 575.66 KB
274-0.mp3, 2025-02-27 01:04, 403.56 KB
274-1.mp3, 2025-02-27 01:04, 290.78 KB
274-2.mp3, 2025-02-27 01:04, 375.94 KB
275-0.mp3, 2025-02-27 01:04, 462.28 KB
275-1.mp3, 2025-02-27 01:04, 414.92 KB
280-0.mp3, 2025-02-27 01:04, 721.60 KB
280-1.mp3, 2025-02-27 01:04, 147.77 KB
280-2.mp3, 2025-02-27 01:04, 492.88 KB
292-1.mp3, 2025-02-27 01:04, 386.35 KB
295-0.mp3, 2025-02-27 01:04, 255.30 KB
295-1.mp3, 2025-02-27 01:04, 215.63 KB
296-0.mp3, 2025-02-27 01:04, 437.26 KB
296-1.mp3, 2025-02-27 01:04, 731.75 KB
296-2.mp3, 2025-02-27 01:04, 860.36 KB
297-1.mp3, 2025-02-27 01:04, 242.67 KB
297-2.mp3, 2025-02-27 01:04, 559.25 KB
298-1.mp3, 2025-02-27 01:04, 269.11 KB
299-1.mp3, 2025-02-27 01:04, 330.14 KB
302-0.mp3, 2025-02-27 01:04, 392.06 KB
304-1.mp3, 2011-00-21 17:11, 286.30 KB
304-2.mp3, 2025-02-27 01:04, 410.04 KB
318-0.mp3, 2025-02-27 01:04, 364.08 KB
318-1.mp3, 2025-02-27 01:04, 356.05 KB
318-2.mp3, 2025-02-27 01:04, 317.03 KB
322-1.mp3, 2025-02-27 01:04, 616.44 KB
322-2.mp3, 2025-02-27 01:04, 350.05 KB
323-0.mp3, 2025-02-27 01:04, 633.04 KB
323-1.mp3, 2025-02-27 01:04, 559.93 KB
332-0.mp3, 2025-02-27 01:04, 128.96 KB
336-1.mp3, 2025-02-27 01:04, 647.94 KB
340-0.mp3, 2025-02-27 01:04, 312.12 KB
612-0.mp3, 2025-02-27 01:04, 608.08 KB
627-0.mp3, 2025-02-27 01:04, 520.99 KB
631-0.mp3, 2025-02-27 01:04, 325.77 KB
661-0.mp3, 2025-02-27 01:04, 614.15 KB
668-0.mp3, 2025-02-27 01:04, 552.72 KB
678-0.mp3, 2025-02-27 01:04, 852.79 KB
684-0.mp3, 2025-02-27 01:04, 934.61 KB
686-0.mp3, 2025-02-27 01:04, 668.30 KB
688-0.mp3, 2025-02-27 01:04, 544.70 KB
691-0.mp3, 2025-02-27 01:04, 722.96 KB
709-0.mp3, 2025-02-27 01:04, 375.78 KB
709-2.mp3, 2025-02-27 01:04, 295.28 KB